"lemma","frequency","rank"
"Gattung",271,1
"Wirkung",109,2
"Benennung",69,3
"Bildung",56,4
"Verstopfung",46,5
"Zusammensetzung",41,6
"Meinung",32,7
"Abteilung",31,8
"Befruchtung",25,9
"Entzündung",25,10
"Entwicklung",24,11
"Beobachtung",23,12
"Ordnung",23,13
"Nahrung",22,14
"Zubereitung",22,15
"Beschreibung",21,16
"Endung",21,17
"Anwendung",20,18
"Erfahrung",20,19
"Untersuchung",20,20
"Weichung",18,21
"Wachsung",17,22
"Ausbildung",16,23
"Darstellung",16,24
"Fäulung",16,25
"Reinigung",16,26
"Bedeutung",15,27
"Richtung",15,28
"Zeitigung",14,29
"Erscheinung",13,30
"Feuchtung",13,31
"Mündung",13,32
"Stärkung",13,33
"Vermehrung",13,34
"Übertragung",12,35
"Dauung",12,36
"Bewegung",11,37
"Verbindung",11,38
"Abbildung",10,39
"Andeutung",10,40
"Erklärung",10,41
"Beschwerung",9,42
"Bestopfung",9,43
"Empfindung",9,44
"Lähmung",9,45
"Sammlung",9,46
"Verdauung",9,47
"Vergrößerung",9,48
"Achtung",8,49
"Pflanzung",8,50
"Stellung",8,51
"Aufblähung",7,52
"Bereitung",7,53
"Bezeichnung",7,54
"Blähung",7,55
"Mischung",7,56
"Verblutung",7,57
"Zerteilung",7,58
"Abkochung",6,59
"Abweichung",6,60
"Erschütterung",6,61
"Heilung",6,62
"Neigung",6,63
"Quetschung",6,64
"Trennung",6,65
"Vermischung",6,66
"Verschleimung",6,67
"Versehrung",6,68
"Zeitung",6,69
"Zeugung",6,70
"Abhandlung",5,71
"Ausdehnung",5,72
"Einwirkung",5,73
"Entdeckung",5,74
"Erzeugung",5,75
"Fortpflanzung",5,76
"Gebung",5,77
"Machung",5,78
"Umwandlung",5,79
"Veränderung",5,80
"Verbreitung",5,81
"Vergleichung",5,82
"Verhärtung",5,83
"Verletzung",5,84
"Verrichtung",5,85
"Verwirrung",5,86
"Wartung",5,87
"Witterung",5,88
"Wohnung",5,89
"Zerschlitzung",5,90
"Zusammenziehung",5,91
"Abänderung",4,92
"Übersetzung",4,93
"Auflösung",4,94
"Bedeckung",4,95
"Bekleidung",4,96
"Berührung",4,97
"Beziehung",4,98
"Feststellung",4,99
"Gärung",4,100
"Hornung",4,101
"Kühlung",4,102
"Veranlassung",4,103
"Vergiftung",4,104
"Verwandlung",4,105
"Verwunderung",4,106
"Verzweigung",4,107
"Wahrnehmung",4,108
"Öffnung",3,109
"Annäherung",3,110
"Anordnung",3,111
"Übung",3,112
"Aufachtung",3,113
"Beförderung",3,114
"Begattung",3,115
"Behandlung",3,116
"Behausung",3,117
"Bemerkung",3,118
"Bestäubung",3,119
"Bestimmung",3,120
"Betrachtung",3,121
"Einteilung",3,122
"Erinnerung",3,123
"Erzählung",3,124
"Färbung",3,125
"Hinzufügung",3,126
"Hoffnung",3,127
"Säuerung",3,128
"Süchtung",3,129
"Scheidung",3,130
"Steigerung",3,131
"Stillung",3,132
"Stockung",3,133
"Teilung",3,134
"Verästelung",3,135
"Verbesserung",3,136
"Verlängerung",3,137
"Vertiefung",3,138
"Vertreibung",3,139
"Ableitung",2,140
"Abmalung",2,141
"Abnehmung",2,142
"Anknüpfung",2,143
"Anschauung",2,144
"Ansehung",2,145
"Anziehung",2,146
"Übereinstimmung",2,147
"Überfüllung",2,148
"Aufenthaltung",2,149
"Aufsaugung",2,150
"Ausfallung",2,151
"Auslaugung",2,152
"Auslegung",2,153
"Bähung",2,154
"Bedingung",2,155
"Begründung",2,156
"Berichtigung",2,157
"Beschädigung",2,158
"Besserung",2,159
"Bestätigung",2,160
"Beurteilung",2,161
"Beweisung",2,162
"Destillierung",2,163
"Deutung",2,164
"Einfügung",2,165
"Einleitung",2,166
"Einreibung",2,167
"Einsaugung",2,168
"Entfernung",2,169
"Entziehung",2,170
"Ergötzung",2,171
"Erhöhung",2,172
"Erhaltung",2,173
"Forschung",2,174
"Gestaltung",2,175
"Löschung",2,176
"Mästung",2,177
"Meldung",2,178
"Mitteilung",2,179
"Nutzung",2,180
"Rektifizierung",2,181
"Sähung",2,182
"Sättigung",2,183
"Störung",2,184
"Stopfung",2,185
"Umdeutung",2,186
"Unterscheidung",2,187
"Verbrennung",2,188
"Verdeutschung",2,189
"Verdoppelung",2,190
"Verdreifachung",2,191
"Verhandlung",2,192
"Verstärkung",2,193
"Verteilung",2,194
"Verwachsung",2,195
"Vorlesung",2,196
"Vorstellung",2,197
"Warnung",2,198
"Wiederherstellung",2,199
"Zusammenfügung",2,200
"Änderung",1,201
"Äußerung",1,202
"Abmessung",1,203
"Abschnürung",1,204
"Abstammung",1,205
"Abstoßung",1,206
"Abstufung",1,207
"Abwandlung",1,208
"Abwechslung",1,209
"Abwendung",1,210
"Abwerfung",1,211
"Abziehung",1,212
"Anfügung",1,213
"Anhäufung",1,214
"Anleitung",1,215
"Anmerkung",1,216
"Anrühmung",1,217
"Anregung",1,218
"Anschoppung",1,219
"Anschwellung",1,220
"Anstellung",1,221
"Anstrengung",1,222
"Anzeigung",1,223
"Übersiedlung",1,224
"Atmung",1,225
"Auffung",1,226
"Aufmerkung",1,227
"Aufsüßung",1,228
"Aufsteigung",1,229
"Aufstellung",1,230
"Aufwallung",1,231
"Ausbreitung",1,232
"Ausdünstung",1,233
"Ausführung",1,234
"Ausgießung",1,235
"Ausgleichung",1,236
"Ausleerung",1,237
"Ausscheidung",1,238
"Aussonderung",1,239
"Ausstellung",1,240
"Ausstreuung",1,241
"Austeilung",1,242
"Austretung",1,243
"Ausweisung",1,244
"Böschung",1,245
"Begießung",1,246
"Begrenzung",1,247
"Behauptung",1,248
"Belebung",1,249
"Beleidigung",1,250
"Bemühung",1,251
"Berücksichtigung",1,252
"Bereisung",1,253
"Besatzung",1,254
"Beschattung",1,255
"Beschirmung",1,256
"Bestreichung",1,257
"Bezauberung",1,258
"Bezeugung",1,259
"Blutung",1,260
"Dämpfung",1,261
"Düngung",1,262
"Durchwandrung",1,263
"Einrichtung",1,264
"Einsammlung",1,265
"Eiterung",1,266
"Empfangung",1,267
"Empfehlung",1,268
"Entblößung",1,269
"Entfaltung",1,270
"Entmischung",1,271
"Entscheidung",1,272
"Entschuldigung",1,273
"Entstehung",1,274
"Entstellung",1,275
"Entwerfung",1,276
"Erdichtung",1,277
"Erforschung",1,278
"Ergießung",1,279
"Erkundigung",1,280
"Erläuterung",1,281
"Erleuchtung",1,282
"Ermüdung",1,283
"Ermangelung",1,284
"Ernährung",1,285
"Erregung",1,286
"Erschüttung",1,287
"Erweichung",1,288
"Füllung",1,289
"Fertigung",1,290
"Fristung",1,291
"Gährung",1,292
"Höhlung",1,293
"Haltung",1,294
"Hemmung",1,295
"Hervorbildung",1,296
"Hinlegung",1,297
"Irrung",1,298
"Kitzelung",1,299
"Konterfeiung",1,300
"Kristallisierung",1,301
"Läuterung",1,302
"Labung",1,303
"Lesung",1,304
"Linderung",1,305
"Losreißung",1,306
"Mannigfaltigung",1,307
"Martung",1,308
"Messung",1,309
"Mutmaßung",1,310
"Nachahmung",1,311
"Nachbildung",1,312
"Nachrichtung",1,313
"Pfropfung",1,314
"Purgierung",1,315
"Rechnung",1,316
"Rechtfertigung",1,317
"Reifung",1,318
"Reizung",1,319
"Ringerung",1,320
"Schärfung",1,321
"Schätzung",1,322
"Schöpfung",1,323
"Schürfung",1,324
"Schwierung",1,325
"Sonderung",1,326
"Spaltung",1,327
"Speisung",1,328
"Suchung",1,329
"Täuschung",1,330
"Tötung",1,331
"Temperierung",1,332
"Teuerung",1,333
"Trocknung",1,334
"Tuung",1,335
"Umbildung",1,336
"Umdeutschung",1,337
"Umgebung",1,338
"Umgestaltung",1,339
"Umgrenzung",1,340
"Umhüllung",1,341
"Umstürzung",1,342
"Unterlaufung",1,343
"Unternehmung",1,344
"Unterredung",1,345
"Unterstützung",1,346
"Verderbung",1,347
"Verdunkelung",1,348
"Vereinigung",1,349
"Verfälschung",1,350
"Verführung",1,351
"Verfeinerung",1,352
"Vergiftigung",1,353
"Verhütung",1,354
"Verhinderung",1,355
"Verleihung",1,356
"Verlierung",1,357
"Vermengung",1,358
"Vermutung",1,359
"Verrauchung",1,360
"Verrenkung",1,361
"Versetzung",1,362
"Verstümmelung",1,363
"Verstimmung",1,364
"Vertröstung",1,365
"Verunreinigung",1,366
"Vervielfältigung",1,367
"Verwahrlosung",1,368
"Verwahrung",1,369
"Verwechselung",1,370
"Verwendung",1,371
"Verwesung",1,372
"Verwickelung",1,373
"Verwund",1,374
"Verwundung",1,375
"Verzauberung",1,376
"Verzehrung",1,377
"Waschung",1,378
"Weisung",1,379
"Widerlegung",1,380
"Wiederholung",1,381
"Zerbrechung",1,382
"Zerknirschung",1,383
"Zerknitschung",1,384
"Zerreißung",1,385
"Zersetzung",1,386
"Zerstörung",1,387
"Zielung",1,388
"Zuckung",1,389
"Zugießung",1,390
"Zweiflung",1,391
